Sheet Name,Up Mobility (cm^2/Vs),Down Mobility (cm^2/Vs),Avg (of Up and Down) Mobility (cm^2/Vs),ID_on (A),ID_off (A),ID_on_off_ratio,Threshold Voltage (V)
AL_1_35L_1A_3,0.01032295877988958,0.0032031033727557105,0.006763031076322645,-1.4157792520563817e-06,-2.513246215585241e-07,5.633269208869374,-25.90688014186697
Average,0.01032295877988958,0.0032031033727557105,0.006763031076322645,-1.4157792520563817e-06,-2.513246215585241e-07,5.633269208869374,-25.90688014186697
Std,,,,,,,
